comparison_level	leiden_r0_5	author_cluster	n_overlap_top100	jaccard_top100	overlap_genes_top30_display
author_11_subclusters	0	CC EC	47	0.30718954248366015	ADGRF5,AKR1C2,APOLD1,ARL4A,B2M,CCL14,CD74,CD9,CD93,CLEC14A,CLEC3B,CLU,CRIM1,CTSC,DUSP1,ECSCR.1,EGFL7,EMCN,ENG,ESAM,FAM188B,GIMAP4,GIMAP7,GNG11,HES1,HLA-A,HLA-B,HLA-C,HLA-DRB1,HLA-E
author_11_subclusters	0	Vessel EC	11	0.0582010582010582	CLEC14A,EGFL7,GIMAP4,GIMAP7,GNG11,HLA-E,KCTD12,PECAM1,RNASE1,SDPR,TM4SF1
author_11_subclusters	0	MAC	4	0.02040816326530612	CD74,HLA-DRA,HLA-DRB1,RNASE1
author_11_subclusters	1	MAC	85	0.7391304347826086	ADAP2,AIF1,ALOX5AP,ARRB2,C1QA,C1QB,C1QC,C3AR1,CD14,CD163,CD4,CD68,CD74,CD84,CPVL,CSF1R,CST3,CTSB,CTSS,CTSZ,CYBA,CYBB,DAB2,EMB,F13A1,FCER1G,FCGR2A,FCGR2B,FGL2,FOLR2
author_11_subclusters	1	T	12	0.06382978723404255	ALOX5AP,CD53,CYBA,EMB,HCLS1,HCST,ITGB2,LAPTM5,LCP1,PTPRC,SRGN,STK17B
author_11_subclusters	1	CC EC	2	0.010101010101010102	CD74,HLA-DRB1
author_11_subclusters	10	Vessel EC	68	0.5151515151515151	A2M,ADAM15,ADGRL4,ARL15,ATP2A3,BCAM,BST2,C10orf10,CAV1,CD34,CDC42BPA,CDH13,CDH5,CLDN5,CLEC14A,CRIP2,CTTNBP2NL,EFNB2,EGFL7,EPAS1,FAM107A,FN1,GIMAP1,GIMAP4,GIMAP7,GNAI2,GNG11,HEG1,HLA-E,ICAM2
author_11_subclusters	10	CC EC	31	0.1834319526627219	BCAM,CAV1,CD93,CLDN5,CLEC14A,CRIP2,ECSCR.1,EFNB2,EGFL7,EPAS1,ESAM,GIMAP1,GIMAP4,GIMAP7,GNG11,HLA-B,HLA-C,HLA-E,HYAL2,IFI27,KCTD12,MMRN2,NPDC1,PALMD,PECAM1,PODXL,SLC9A3R2,SOX18,SYNE2,TM4SF1
author_11_subclusters	10	Vessel SMC	3	0.015228426395939087	A2M,BCAM,C10orf10
author_11_subclusters	11	PI16+ FB	34	0.20481927710843373	ALDH1A1,ANGPTL7,APOD,C1R,C1S,CHRDL1,COL1A2,CXCL14,DCN,FBLN2,FGF7,GSN,IGFBP6,LGALS1,LGALS3BP,LTBP4,LUM,MFAP5,MMP2,MXRA8,OGN,PCOLCE,PDGFRL,PI16,PLAC9,PODN,PRELP,S100A4,SERPINF1,SERPING1
author_11_subclusters	11	APOC1+ FB	27	0.15606936416184972	ABCA8,APOD,C1R,C1S,CD81,CXCL14,CYGB,DCN,FGF7,FXYD1,GSN,LAPTM4A,LGALS1,LGALS3BP,LTBP4,LUM,MMP2,MXRA8,NUPR1,PCOLCE,PKDCC,PLAC9,PODN,PTGDS,RARRES2,SERPINF1,SERPING1
author_11_subclusters	11	COMP+ FB	27	0.15606936416184972	C1R,C1S,CHRDL1,CNTN4,COL1A2,CST3,DCN,FAM180B,FBLN2,GSN,IGFBP6,LGALS3BP,LTBP4,LUM,MFAP5,MMP2,MXRA8,OGN,OMD,PDGFRL,PI16,PLAC9,PODN,PRELP,SDC2,SFRP4,SOD3
author_11_subclusters	12	Vessel SMC	84	0.7241379310344828	A2M,AC013461.1,ACAN,ACTA2,ACTB,ACTG2,ACTN4,ADIRF,ADRA2A,BCAM,C2orf40,CALD1,CALM2,CARMN,CASQ2,CAV2,CLMN,CNN1,CPE,CPM,CRYAB,CSRP1,CSRP2,DACT3,DSTN,EFHD1,FHL1,FILIP1,FILIP1L,FLNA
author_11_subclusters	12	CC SMC	58	0.4084507042253521	A2M,AC013461.1,ACTA2,ACTB,ACTG2,AOC3,ATP1A2,C1QTNF1,C2orf40,CALD1,CARMN,CNN1,CPE,CRYAB,CSRP1,CSRP2,DSTN,FHL1,FILIP1L,FLNA,FRZB,IGFBP7,ITGA8,KCNAB1,KCNMB1,LGI4,LMOD1,LPP,MCAM,MRVI1
author_11_subclusters	12	PC	39	0.2422360248447205	ACTA2,ACTG2,ATP1A2,C2orf40,CALD1,CARMN,CLMN,CNN1,CPE,CSRP2,EFHD1,FHL1,FILIP1L,FLNA,HES4,IGFBP7,ITGA7,LGI4,LMOD1,LPP,MRVI1,MYH11,MYL9,MYLK,NOTCH3,NTRK3,PDE5A,PPP1R14A,RCAN2,RGS5
author_11_subclusters	13	CC SMC	71	0.5503875968992248	AC013461.1,ACTA2,ACTB,ACTG2,AOC3,C1QTNF1,C2orf40,CALD1,CHCHD10,CKB,CNN1,CRYAB,CSRP1,DES,DSTN,FHL1,FLNA,FRZB,GUCY1A3,ID4,IGFBP7,ITGA8,ITM2C,KCNMA1,KCNMB1,LMOD1,LPP,MAP1B,MCAM,MRVI1
author_11_subclusters	13	Vessel SMC	50	0.3333333333333333	AC013461.1,ACTA2,ACTB,ACTG2,C2orf40,CALD1,CHCHD10,CKB,CNN1,CRYAB,CSRP1,DSTN,FHL1,FILIP1,FLNA,FRZB,GUCY1A3,ID4,IGFBP7,ITGA8,KCNMB1,LMOD1,LPP,MCAM,MRVI1,MYH11,MYL6,MYL9,MYLK,NEXN
author_11_subclusters	13	PC	30	0.17647058823529413	ACTA2,ACTG2,C2orf40,CALD1,CHCHD10,CKB,CNN1,DES,FHL1,FLNA,GUCY1A3,IGFBP7,ITM2C,LMOD1,LPP,MAP1B,MRVI1,MYH11,MYL9,MYLK,PDE5A,PPP1R14A,RARRES2,RCAN2,SYNPO2,TAGLN,TGFB1I1,TNS1,TPM1,TPM2
author_11_subclusters	14	CC EC	58	0.4084507042253521	ACKR4,ADGRF5,ALDH1A2,ARHGAP29,ARL4A,B2M,CAV1,CCL14,CD74,CD93,CLDN5,CLEC14A,CLU,ECSCR.1,EFNA1,EFNB2,EGFL7,EMCN,EPAS1,ETS2,FAM188B,FOXC2,GIMAP1,GIMAP4,GIMAP7,GNG11,GPM6A,HLA-A,HLA-B,HLA-C
author_11_subclusters	14	Vessel EC	22	0.12359550561797752	CAV1,CLDN5,CLEC14A,EFNB2,EGFL7,EPAS1,GIMAP1,GIMAP4,GIMAP7,GNG11,HLA-E,KCTD12,LMO2,PALMD,PECAM1,PODXL,RNASE1,SDPR,SOX18,SYNE2,TM4SF1,UTRN
author_11_subclusters	14	MAC	3	0.015228426395939087	CD74,HLA-DRA,RNASE1
author_11_subclusters	15	PI16+ FB	51	0.3422818791946309	AKAP12,ALDH1A1,APOD,C1R,C1S,C3,CCDC80,CFD,CFH,CHRDL1,COL14A1,COL6A3,CTSK,CXCL14,CYBRD1,DCN,DPT,FBLN1,FBLN2,FGF7,GAS1,GPNMB,GSN,IGFBP6,LAMA2,LGALS3,LRP1,LTBP2,LTBP4,MFAP4
author_11_subclusters	15	APOC1+ FB	50	0.3333333333333333	ABCA8,AKAP12,APOD,C1R,C1S,C3,CFD,CFH,COL14A1,COL6A3,CXCL14,CYBRD1,CYGB,DCN,DDR2,DPT,EBF1,FBLN1,FGF7,GAS1,GPNMB,GSN,HSD11B1,IRX3,JUN,LAPTM4A,LRP1,LTBP4,MFAP4,MGST1
author_11_subclusters	15	COMP+ FB	39	0.2422360248447205	ABI3BP,AKAP12,C1R,C1S,CCDC80,CHRDL1,COL14A1,COL4A1,COL4A2,COL6A3,CTSK,CYBRD1,DCN,DPT,FBLN1,FBLN2,GPNMB,GSN,HSD11B1,IGFBP6,ITGB5,LAMA2,LRP1,LTBP2,LTBP4,MFAP4,MMP2,MXRA8,PCOLCE2,PDGFRL
author_11_subclusters	16	SWC	67	0.5037593984962406	AATK,ABCA8,AHR,ALCAM,ANGPTL7,ANK3,ARHGAP15,C8orf4,CADM1,CADM2,CDH19,CHL1,CLIC4,CMTM5,COL28A1,COL9A3,CRYAB,DST,EHBP1,ERBB3,FAM134B,FOXD3,FXYD1,GAS7,GFRA3,GPM6B,GPR155,HSPA12A,ITGB8,KCNMB4
author_11_subclusters	16	APOC1+ FB	7	0.03626943005181347	ABCA8,CD81,FXYD1,LGALS1,RARRES2,TMEM176A,TMEM176B
author_11_subclusters	16	PI16+ FB	5	0.02564102564102564	ALDH1A1,ANGPTL7,LGALS1,PMP22,TUBA1A
author_11_subclusters	17	PI16+ FB	31	0.1834319526627219	APOD,CCDC80,CFD,COL14A1,COL1A1,COL1A2,COL3A1,COL6A2,COL6A3,CTGF,CYR61,DCN,EMP3,FBLN1,FSTL1,GAS1,GDF10,GSN,LUM,MEG3,MFAP4,MMP2,OLFML3,PCOLCE,PLAC9,PTN,RND3,SERPINF1,SPON2,TIMP3
author_11_subclusters	17	APOC1+ FB	25	0.14285714285714285	APOD,CFD,COL14A1,COL6A2,COL6A3,CXCL12,DCN,FBLN1,GAS1,GSN,IGF1,LAPTM4A,LTBP1,LUM,MEG3,MFAP4,MMP2,OLFML3,PCOLCE,PLAC9,PLPP3,SERPINF1,SOD2,SRPX,TIMP3
author_11_subclusters	17	COMP+ FB	21	0.11731843575418995	CCDC80,COL14A1,COL1A1,COL1A2,COL3A1,COL6A2,COL6A3,CTGF,CYR61,DCN,FBLN1,FSTL1,GSN,LTBP1,LUM,MFAP4,MMP2,PLAC9,PTN,SPON2,TIMP3
author_11_subclusters	18	CC EC	58	0.4084507042253521	ABCG2,ADGRF5,ALDH1A2,APOLD1,ARHGAP29,B2M,CALCRL,CAV1,CCL14,CD74,CD9,CD93,CLEC14A,CLU,DUSP1,ECSCR.1,EFNB2,EGFL7,EMCN,FLT1,GIMAP7,GNG11,GPM6A,HES1,HLA-A,HLA-B,HLA-C,HLA-DRB1,HLA-E,HYAL2
author_11_subclusters	18	Vessel EC	20	0.1111111111111111	BST2,CAV1,CLEC14A,EFNB2,EGFL7,GIMAP7,GNG11,HLA-E,ID1,IFI27,KCTD12,PALMD,PODXL,RNASE1,SDPR,SLC9A3R2,SOX18,SRGN,TJP1,TM4SF1
author_11_subclusters	18	MAC	5	0.02564102564102564	CD74,HLA-DRA,HLA-DRB1,RNASE1,SRGN
author_11_subclusters	19	PI16+ FB	37	0.22699386503067484	AKAP12,APOD,C3,CCDC80,CFD,CILP,COL1A1,COL1A2,COL6A1,COL6A2,COL6A3,CYR61,DCN,DPT,EMP3,FBLN1,FSTL1,GAS1,GPX3,GSN,IGFBP6,LGALS1,LRP1,LTBP4,MEG3,MGST1,MMP2,MYOC,PLAC9,PODN
author_11_subclusters	19	APOC1+ FB	31	0.1834319526627219	AKAP12,APOD,C3,CAMK2N1,CFD,COL6A1,COL6A2,COL6A3,DCN,DPT,FBLN1,G0S2,GAS1,GSN,HSPB6,IGF1,JUN,LGALS1,LRP1,LTBP4,MEG3,MGST1,MMP2,PLAC9,PLPP3,PODN,PRRX1,SERPINF1,SOD2,TIMP3
author_11_subclusters	19	COMP+ FB	26	0.14942528735632185	AKAP12,CCDC80,CILP,COL1A1,COL1A2,COL6A1,COL6A2,COL6A3,CYR61,DCN,DPT,FBLN1,FSTL1,G0S2,GEM,GSN,IGFBP6,LRP1,LTBP4,MMP2,PLAC9,PODN,PRRX1,PTN,TIMP2,TIMP3
author_11_subclusters	2	PI16+ FB	55	0.3793103448275862	APOD,C1R,C1S,CCDC80,CFD,CFH,COL14A1,COL1A1,COL1A2,COL3A1,COL6A1,COL6A2,COL6A3,CRABP2,CTGF,CTSK,DCN,DHRS3,DPT,EMP3,FBLN1,FBLN2,FSTL1,GPNMB,GSN,IGFBP6,LGALS1,LGALS3,LGALS3BP,LRP1
author_11_subclusters	2	COMP+ FB	42	0.26582278481012656	C1R,C1S,CCDC80,COL14A1,COL1A1,COL1A2,COL3A1,COL6A1,COL6A2,COL6A3,CST3,CTGF,CTSK,DCN,DPT,FBLN1,FBLN2,FSTL1,GPNMB,GSN,IGFBP6,LGALS3BP,LRP1,LTBP4,LUM,MFAP4,MFAP5,MGP,MMP2,NNMT
author_11_subclusters	2	APOC1+ FB	32	0.19047619047619047	APOD,C1R,C1S,CD81,CFD,CFH,COL14A1,COL6A1,COL6A2,COL6A3,DCN,DPT,FBLN1,GPNMB,GSN,LAPTM4A,LGALS1,LGALS3BP,LRP1,LTBP4,LUM,MFAP4,MGST1,MMP2,OLFML3,PCOLCE,PLAC9,PRRX2,PRSS23,RAB34
author_11_subclusters	20	PI16+ FB	47	0.30718954248366015	APOD,C1R,CCDC80,CFD,CFH,COL6A2,COL6A3,CTGF,CTSK,CYR61,DCN,DPT,EMP3,FBLN1,FBLN5,FGF7,GPNMB,GPX3,GSN,IGFBP6,LGALS3,LGALS3BP,LRP1,LTBP4,LUM,MEG3,MFAP4,MGST1,MMP2,MXRA8
author_11_subclusters	20	COMP+ FB	39	0.2422360248447205	C1R,CCDC80,COL4A1,COL6A2,COL6A3,CST3,CTGF,CTSK,CYR61,DCN,DPT,FBLN1,FBLN5,GPNMB,GSN,HSD11B1,IGFBP6,ITGB5,LGALS3BP,LRP1,LTBP4,LUM,MFAP4,MGP,MMP2,MXRA8,NNMT,PDGFRL,PLAC9,PMP22
author_11_subclusters	20	APOC1+ FB	38	0.2345679012345679	APOD,C1R,CFD,CFH,COL6A2,COL6A3,CYGB,DCN,DPT,FBLN1,FGF7,GPNMB,GSN,HSD11B1,IGF1,LAPTM4A,LGALS3BP,LRP1,LTBP4,LUM,MEG3,MFAP4,MGST1,MMP2,MXRA8,PLAC9,PODN,PRRX2,RAB34,RARRES1
author_11_subclusters	21	CC EC	38	0.2345679012345679	ADGRF5,APOLD1,ARHGAP29,CAV1,CAV2,CD74,CD9,CD93,CLEC14A,CLEC3B,CLU,CRIP2,DUSP1,ECSCR.1,EMCN,ESAM,HLA-B,HLA-DRB1,HLA-E,HYAL2,KANK3,KLF2,LMO2,MMRN1,MMRN2,NPDC1,PALMD,PECAM1,PLAT,PLVAP
author_11_subclusters	21	Vessel EC	13	0.06951871657754011	CAV1,CLEC14A,CRIP2,FAM107A,HLA-E,LMO2,PALMD,PECAM1,PODXL,SDPR,SLC9A3R2,SRGN,TM4SF1
author_11_subclusters	21	MAC	5	0.02564102564102564	CD74,HLA-DPA1,HLA-DRB1,HLA-DRB5,SRGN
author_11_subclusters	22	CC EC	30	0.17647058823529413	ABCG2,ADGRF5,APOLD1,B2M,CALCRL,CAV1,CD9,CLU,ECSCR.1,EMCN,EPAS1,ETS2,GNG11,GPM6A,HLA-B,HLA-E,HYAL2,IFI27,KLF2,LDB2,LIMCH1,PLAT,PODXL,RAMP3,SDPR,SLC9A3R2,SYNE2,THBD,TM4SF1,TSPAN7
author_11_subclusters	22	Vessel EC	12	0.06382978723404255	CAV1,EPAS1,FAM107A,GNG11,HLA-E,IFI27,PODXL,SDPR,SLC9A3R2,SRGN,SYNE2,TM4SF1
author_11_subclusters	22	MAC	2	0.010101010101010102	HLA-DRB5,SRGN
author_11_subclusters	3	CC EC	33	0.19760479041916168	ACKR1,BCAM,CALCRL,CD74,CLDN5,CRIP2,CTSC,ECSCR.1,ENG,ETS2,GIMAP1,GIMAP4,GIMAP7,GNG11,HLA-B,HLA-DRB1,HLA-E,IFI27,ITGB4,LMO2,MGST2,NPDC1,PALMD,PECAM1,PLAT,PLVAP,RAMP3,SLC9A3R2,SYNE2,TM4SF1
author_11_subclusters	3	Vessel EC	28	0.16279069767441862	A2M,ADAM15,ADGRL4,BCAM,CD320,CD34,CLDN5,CRIP2,CYYR1,GIMAP1,GIMAP4,GIMAP7,GNG11,HEG1,HLA-E,IFI27,ITGA6,LIFR,LMO2,PALMD,PECAM1,PTPRB,RAMP2,RNASE1,SLC9A3R2,SSFA2,SYNE2,TM4SF1
author_11_subclusters	3	MAC	7	0.03626943005181347	CD74,HLA-DPA1,HLA-DPB1,HLA-DRA,HLA-DRB1,HLA-DRB5,RNASE1
author_11_subclusters	4	T	59	0.41843971631205673	ACAP1,ALOX5AP,APBB1IP,ARHGDIB,ARL4C,BTG1,CCL4,CCL5,CD2,CD37,CD3D,CD3E,CD3G,CD44,CD48,CD52,CD53,CD69,CD7,CORO1A,CST7,CTSW,CXCR4,CYBA,FYB,GMFG,GPSM3,GZMA,GZMH,GZMK
author_11_subclusters	4	MAC	11	0.0582010582010582	ALOX5AP,CYBA,FYB,HCST,ITGB2,KLF6,LAPTM5,LCP1,PTPRC,SRGN,STK17B
author_11_subclusters	4	CC EC	5	0.02564102564102564	B2M,HLA-A,HLA-B,HLA-C,MYL12A
author_11_subclusters	5	PI16+ FB	71	0.5503875968992248	AEBP1,ALDH1A1,APOD,C1R,C1S,C3,CCDC80,CFD,CFH,COL14A1,COL1A1,COL1A2,COL3A1,COL6A1,COL6A2,COL6A3,COMP,CTSK,CXCL14,CYBRD1,DCN,DHRS3,DPT,EMP3,FBLN1,FBLN2,FBLN5,FIBIN,GPNMB,GPX3
author_11_subclusters	5	APOC1+ FB	53	0.36054421768707484	APOD,C1R,C1S,C3,CD81,CFD,CFH,COL14A1,COL6A1,COL6A2,COL6A3,CXCL12,CXCL14,CYBRD1,DCN,DPT,EPHX1,FBLN1,GGT5,GPNMB,GSN,ISLR,LAPTM4A,LGALS1,LGALS3BP,LRP1,LTBP4,LUM,MFAP4,MGST1
author_11_subclusters	5	COMP+ FB	50	0.3333333333333333	AEBP1,C1R,C1S,CCDC80,COL14A1,COL1A1,COL1A2,COL3A1,COL6A1,COL6A2,COL6A3,COMP,CST3,CTSK,CYBRD1,DCN,DPT,FBLN1,FBLN2,FBLN5,GPNMB,GSN,IGFBP6,LAMA2,LGALS3BP,LRP1,LTBP2,LTBP4,LUM,MFAP4
author_11_subclusters	6	PC	62	0.4492753623188406	ACTA2,AGT,ANGPT2,APOE,BTG1,C12orf57,C2orf40,CALD1,CAMK2N1,CD44,CLSTN2,COX4I2,CPE,EDNRA,EFHD1,EPS8,FAM153B,FHL1,FXYD1,GUCY1A3,GUCY1B3,HES4,HGF,IGFBP5,IGFBP7,ISYNA1,LGI4,LHFP,LMOD1,LPP
author_11_subclusters	6	Vessel SMC	30	0.17647058823529413	ACTA2,C2orf40,CALD1,CPE,EFHD1,FHL1,GUCY1A3,HES4,IGFBP7,LGI4,LMOD1,LPP,MFGE8,MYH11,MYL9,NDUFA4L2,NOTCH3,NR2F2,NTRK3,PAWR,PDE5A,PPP1R14A,RCAN2,RGS5,RRAD,SLC7A2,SYNPO2,TAGLN,TINAGL1,TPM2
author_11_subclusters	6	CC SMC	27	0.15606936416184972	ACTA2,C1QTNF1,C2orf40,CALD1,CPE,EDNRA,FHL1,FXYD1,GUCY1A3,IGFBP5,IGFBP7,LGI4,LMOD1,LPP,MAP1B,MRGPRF,MYH11,MYL9,NOTCH3,PDE5A,PPP1R14A,RCAN2,RGS5,RRAD,SYNPO2,TAGLN,TPM2
author_11_subclusters	7	CC EC	56	0.3888888888888889	ABCG2,ACKR4,ADGRF5,ALDH1A2,APOLD1,ARHGAP29,CCL14,CD74,CD9,CD93,CLEC14A,CLEC3B,CLU,DNASE1L3,ECSCR.1,EFNA1,EFNB2,EGFL7,EMCN,ENG,ERG,FAM188B,FLT1,GIMAP4,GIMAP7,GNG11,GPM6A,HLA-DRB1,HYAL2,IFI27
author_11_subclusters	7	PI16+ FB	32	0.19047619047619047	APOD,C3,CFD,CFH,CILP,COL1A1,COL1A2,COL3A1,COL6A3,CTSK,DPT,FBLN1,GAS1,GPNMB,GPX3,GSN,IGFBP6,LRP1,LTBP4,LUM,MFAP4,MGST1,MMP2,PCOLCE,PODN,PRELP,PTN,RARRES1,SFRP2,SLPI
author_11_subclusters	7	COMP+ FB	23	0.12994350282485875	CILP,COL1A1,COL1A2,COL3A1,COL6A3,CTSK,DPT,FBLN1,GPNMB,GSN,IGFBP6,LRP1,LTBP4,LUM,MFAP4,MGP,MMP2,PODN,PRELP,PTN,SFRP2,SPON2,TNXB
author_11_subclusters	8	Vessel SMC	81	0.680672268907563	A2M,AC013461.1,ACAN,ACTA2,ACTB,ACTG2,ACTN4,ADIRF,ADRA2A,BCAM,C11orf96,CALD1,CALM2,CARMN,CASQ2,CAV2,CHCHD10,CNN1,CPE,CPM,CRIP1,CRYAB,CSRP1,CSRP2,DSTN,EFHD1,FHL1,FILIP1,FLNA,FRZB
author_11_subclusters	8	CC SMC	58	0.4084507042253521	A2M,AC013461.1,ACTA2,ACTB,ACTG2,AOC3,C11orf96,CALD1,CARMN,CHCHD10,CNN1,CPE,CRYAB,CSRP1,CSRP2,DSTN,FHL1,FLNA,FRZB,FXYD1,IGFBP7,ITGA8,KCNAB1,KCNMB1,LMOD1,LPP,MCAM,MRVI1,MYH11,MYL6
author_11_subclusters	8	PC	36	0.21951219512195122	ACTA2,ACTG2,C11orf96,CALD1,CARMN,CHCHD10,CNN1,CPE,CSRP2,EFHD1,FHL1,FLNA,FXYD1,HES4,IGFBP7,LMOD1,LPP,MRVI1,MYH11,MYL9,MYLK,NOTCH3,NR2F2,PDE5A,PPP1R14A,RCAN2,RGS5,RRAD,SLC7A2,SYNPO2
author_11_subclusters	9	APOC1+ FB	60	0.42857142857142855	ABCA8,AKAP12,APOC1,APOD,APOE,AR,C1R,C1S,C3,CD81,CFD,CFH,COL6A1,COL6A2,CPE,CXCL12,DCN,DPT,EEA1,EPHX1,F10,FBLN1,FGF7,FXYD1,GAS1,GGT5,GSN,HSD11B1,HSPB6,IGF1
author_11_subclusters	9	PI16+ FB	47	0.30718954248366015	AKAP12,ALDH1A1,APOD,C1R,C1S,C3,CCDC80,CFD,CFH,CILP,COL1A2,COL3A1,COL6A1,COL6A2,CTSK,CYR61,DCN,DPT,FBLN1,FGF7,GAS1,GSN,ISLR,LGALS3BP,LRP1,LUM,MEG3,MFAP4,MGST1,MMP2
author_11_subclusters	9	COMP+ FB	29	0.1695906432748538	AKAP12,APOE,C1R,C1S,CCDC80,CILP,COL1A2,COL3A1,COL6A1,COL6A2,CTSK,CYR61,DCN,DPT,FBLN1,GSN,HSD11B1,LGALS3BP,LRP1,LUM,MFAP4,MMP2,MXRA8,PLAC9,PODN,PRSS23,PTN,SFRP2,TIMP3
author_7_major_clusters	0	EC	46	0.2987012987012987	ADGRF5,AKR1C2,APOLD1,ARL4A,B2M,CCL14,CD74,CD9,CD93,CLEC14A,CLEC3B,CLU,CRIM1,CTSC,DUSP1,ECSCR.1,EGFL7,EMCN,ENG,ESAM,FAM188B,GIMAP4,GIMAP7,GNG11,HES1,HLA-A,HLA-B,HLA-C,HLA-DRB1,HLA-E
author_7_major_clusters	0	MAC	4	0.02040816326530612	CD74,HLA-DRA,HLA-DRB1,RNASE1
author_7_major_clusters	0	T	1	0.005025125628140704	RPS19
author_7_major_clusters	1	MAC	85	0.7391304347826086	ADAP2,AIF1,ALOX5AP,ARRB2,C1QA,C1QB,C1QC,C3AR1,CD14,CD163,CD4,CD68,CD74,CD84,CPVL,CSF1R,CST3,CTSB,CTSS,CTSZ,CYBA,CYBB,DAB2,EMB,F13A1,FCER1G,FCGR2A,FCGR2B,FGL2,FOLR2
author_7_major_clusters	1	T	13	0.06951871657754011	ALOX5AP,CD53,CYBA,EMB,HCLS1,HCST,IQGAP2,ITGB2,LAPTM5,LCP1,PTPRC,SRGN,STK17B
author_7_major_clusters	1	EC	2	0.010101010101010102	CD74,HLA-DRB1
author_7_major_clusters	10	EC	34	0.20481927710843373	ADGRL4,BCAM,C10orf10,CAV1,CD93,CLDN5,CLEC14A,CRIP2,ECSCR.1,EFNB2,EGFL7,EPAS1,ESAM,GIMAP1,GIMAP4,GIMAP7,GNG11,HLA-B,HLA-C,HLA-E,HYAL2,ICAM2,IFI27,KCTD12,MMRN2,NPDC1,PALMD,PECAM1,PODXL,SLC9A3R2
author_7_major_clusters	10	MAC	2	0.010101010101010102	RNASE1,SRGN
author_7_major_clusters	10	SMC	2	0.010101010101010102	A2M,BCAM
author_7_major_clusters	11	FB	35	0.21212121212121213	ABCA8,ALDH1A1,APOD,C1R,C1S,COL1A2,CXCL14,CYGB,DCN,FGF7,FXYD1,GSN,IGFBP6,LGALS1,LGALS3BP,LTBP4,LUM,MFAP5,MMP2,MXRA8,OGN,PCOLCE,PDGFRL,PI16,PLAC9,PODN,PRELP,PTGDS,RARRES2,S100A4
author_7_major_clusters	11	SWC	9	0.04712041884816754	ABCA8,ANGPTL7,CDH19,COL9A3,FXYD1,MARCKS,PIK3R1,PRNP,SCN7A
author_7_major_clusters	11	PC	8	0.041666666666666664	C12orf57,C2orf40,CALD1,FXYD1,IGFBP7,LHFP,NR2F2,TGFBI
author_7_major_clusters	12	SMC	73	0.5748031496062992	A2M,AC013461.1,ACTA2,ACTB,ACTG2,ADIRF,AOC3,ATP1A2,BCAM,C1QTNF1,C2orf40,CALD1,CARMN,CASQ2,CNN1,CPE,CRYAB,CSRP1,CSRP2,DACT3,DSTN,EFHD1,FHL1,FILIP1,FILIP1L,FLNA,FRZB,GPRC5C,HES4,IGFBP7
author_7_major_clusters	12	PC	40	0.25	ACTA2,ACTG2,ATP1A2,C2orf40,CALD1,CARMN,CLMN,CNN1,CPE,CSRP2,EFHD1,FHL1,FILIP1L,FLNA,HES4,IGFBP7,ITGA7,LGI4,LMOD1,LPP,MRVI1,MYH11,MYL9,MYLK,NOTCH3,NTRK3,PDE5A,PPP1R12A,PPP1R14A,RCAN2
author_7_major_clusters	12	SWC	3	0.015228426395939087	CRYAB,LGI4,SORBS2
author_7_major_clusters	13	SMC	64	0.47058823529411764	AC013461.1,ACTA2,ACTB,ACTG2,AOC3,C1QTNF1,C2orf40,CALD1,CHCHD10,CKB,CNN1,CRYAB,CSRP1,DES,DSTN,FHL1,FILIP1,FLNA,FRZB,GUCY1A3,ID4,IGFBP7,ITGA8,ITM2C,KCNMB1,LMOD1,LPP,MAP1B,MCAM,MRVI1
author_7_major_clusters	13	PC	28	0.16279069767441862	ACTA2,ACTG2,C2orf40,CALD1,CHCHD10,CKB,CNN1,FHL1,FLNA,GUCY1A3,IGFBP7,ITM2C,LMOD1,LPP,MRVI1,MYH11,MYL9,MYLK,PDE5A,PPP1R12A,PPP1R14A,RCAN2,SYNPO2,TAGLN,TGFB1I1,TNS1,TPM1,TPM2
author_7_major_clusters	13	FB	2	0.010101010101010102	MAP1B,RARRES2
author_7_major_clusters	14	EC	58	0.4084507042253521	ACKR4,ADGRF5,ALDH1A2,ARHGAP29,ARL4A,B2M,CAV1,CCL14,CD74,CD93,CLDN5,CLEC14A,CLU,ECSCR.1,EFNA1,EFNB2,EGFL7,EMCN,EPAS1,ETS2,FAM188B,FOXC2,GIMAP1,GIMAP4,GIMAP7,GNG11,GPM6A,HLA-A,HLA-B,HLA-C
author_7_major_clusters	14	MAC	3	0.015228426395939087	CD74,HLA-DRA,RNASE1
author_7_major_clusters	14	PC	1	0.005025125628140704	EPAS1
author_7_major_clusters	15	FB	52	0.35135135135135137	ABCA8,AKAP12,ALDH1A1,APOD,C1R,C1S,C3,CCDC80,CFD,CFH,COL14A1,COL6A3,CTSK,CXCL14,CYBRD1,CYGB,DCN,DPT,FBLN1,FGF7,GAS1,GPNMB,GSN,HSD11B1,IGFBP6,LAMA2,LRP1,LTBP2,LTBP4,MFAP4
author_7_major_clusters	15	SWC	5	0.02564102564102564	ABCA8,JUN,PIK3R1,PMP22,TMEM176B
author_7_major_clusters	15	MAC	1	0.005025125628140704	SEPP1
author_7_major_clusters	16	SWC	67	0.5037593984962406	AATK,ABCA8,AHR,ALCAM,ANGPTL7,ANK3,ARHGAP15,C8orf4,CADM1,CADM2,CDH19,CHL1,CLIC4,CMTM5,COL28A1,COL9A3,CRYAB,DST,EHBP1,ERBB3,FAM134B,FOXD3,FXYD1,GAS7,GFRA3,GPM6B,GPR155,HSPA12A,ITGB8,KCNMB4
author_7_major_clusters	16	FB	6	0.030927835051546393	ABCA8,ALDH1A1,FXYD1,LGALS1,RARRES2,TMEM176B
author_7_major_clusters	16	PC	3	0.015228426395939087	FXYD1,LGI4,MT1E
author_7_major_clusters	17	FB	31	0.1834319526627219	APOD,CCDC80,CFD,COL14A1,COL1A1,COL1A2,COL3A1,COL6A2,COL6A3,CTGF,CXCL12,CYR61,DCN,EMP3,FBLN1,GAS1,GSN,IGF1,LUM,MEG3,MFAP4,MMP2,OLFML3,PCOLCE,PLAC9,PLPP3,PTN,RND3,SERPINF1,SPON2
author_7_major_clusters	17	SWC	5	0.02564102564102564	EGR1,JUNB,MT1E,RHOB,TUBA1A
author_7_major_clusters	17	PC	4	0.02040816326530612	ADAMTS1,C11orf96,MT1E,MT1M
author_7_major_clusters	18	EC	57	0.3986013986013986	ABCG2,ADGRF5,ALDH1A2,APOLD1,ARHGAP29,B2M,CALCRL,CAV1,CCL14,CD74,CD9,CD93,CLEC14A,CLU,DUSP1,ECSCR.1,EFNB2,EGFL7,EMCN,FLT1,GIMAP7,GNG11,GPM6A,HES1,HLA-A,HLA-B,HLA-C,HLA-DRB1,HLA-E,HYAL2
author_7_major_clusters	18	MAC	5	0.02564102564102564	CD74,HLA-DRA,HLA-DRB1,RNASE1,SRGN
author_7_major_clusters	18	SWC	1	0.005025125628140704	EGR1
author_7_major_clusters	19	FB	39	0.2422360248447205	AKAP12,APOD,C3,CCDC80,CFD,CILP,COL1A1,COL1A2,COL6A1,COL6A2,COL6A3,CYR61,DCN,DPT,EMP3,FBLN1,G0S2,GAS1,GPX3,GSN,IGF1,IGFBP6,LGALS1,LRP1,LTBP4,MEG3,MGST1,MMP2,MYOC,PLAC9
author_7_major_clusters	19	SWC	5	0.02564102564102564	EGR1,JUN,JUNB,TMEM176B,TUBA1A
author_7_major_clusters	19	T	4	0.02040816326530612	GADD45B,IRF1,S100A4,TUBB4B
author_7_major_clusters	2	FB	50	0.3333333333333333	APOD,C1R,C1S,CCDC80,CFD,CFH,COL14A1,COL1A1,COL1A2,COL3A1,COL6A1,COL6A2,COL6A3,CRABP2,CTGF,CTSK,DCN,DHRS3,DPT,EMP3,FBLN1,GPNMB,GSN,IGFBP6,LGALS1,LGALS3BP,LRP1,LTBP4,LUM,MFAP4
author_7_major_clusters	2	MAC	3	0.015228426395939087	CST3,CYBA,FTL
author_7_major_clusters	2	T	2	0.010101010101010102	CYBA,S100A4
author_7_major_clusters	20	FB	49	0.32450331125827814	APOD,C1R,CCDC80,CFD,CFH,COL6A2,COL6A3,CTGF,CTSK,CYGB,CYR61,DCN,DPT,EMP3,FBLN1,FBLN5,FGF7,GPNMB,GPX3,GSN,HSD11B1,IGF1,IGFBP6,LGALS3BP,LRP1,LTBP4,LUM,MEG3,MFAP4,MGST1
author_7_major_clusters	20	SWC	3	0.015228426395939087	PMP22,RHOB,TMEM176B
author_7_major_clusters	20	MAC	2	0.010101010101010102	CST3,LGMN
author_7_major_clusters	21	EC	37	0.22699386503067484	ADGRF5,APOLD1,ARHGAP29,CAV1,CD74,CD9,CD93,CLEC14A,CLEC3B,CLU,CRIP2,DUSP1,ECSCR.1,EMCN,ESAM,HLA-B,HLA-DRB1,HLA-E,HYAL2,KANK3,KLF2,LMO2,MMRN1,MMRN2,NPDC1,PALMD,PECAM1,PLAT,PLVAP,PODXL
author_7_major_clusters	21	MAC	5	0.02564102564102564	CD74,HLA-DPA1,HLA-DRB1,HLA-DRB5,SRGN
author_7_major_clusters	21	T	4	0.02040816326530612	RPS19,SRGN,TSC22D3,TUBB4B
author_7_major_clusters	22	EC	30	0.17647058823529413	ABCG2,ADGRF5,APOLD1,B2M,CALCRL,CAV1,CD9,CLU,ECSCR.1,EMCN,EPAS1,ETS2,GNG11,GPM6A,HLA-B,HLA-E,HYAL2,IFI27,KLF2,LDB2,LIMCH1,PLAT,PODXL,RAMP3,SDPR,SLC9A3R2,SYNE2,THBD,TM4SF1,TSPAN7
author_7_major_clusters	22	MAC	2	0.010101010101010102	HLA-DRB5,SRGN
author_7_major_clusters	22	PC	2	0.010101010101010102	EPAS1,MT1E
author_7_major_clusters	3	EC	34	0.20481927710843373	ACKR1,ADGRL4,BCAM,CALCRL,CD74,CLDN5,CRIP2,CTSC,ECSCR.1,ENG,ETS2,GIMAP1,GIMAP4,GIMAP7,GNG11,HLA-B,HLA-DRB1,HLA-E,IFI27,ITGB4,LMO2,MGST2,NPDC1,PALMD,PECAM1,PLAT,PLVAP,RAMP3,SLC9A3R2,SYNE2
author_7_major_clusters	3	MAC	7	0.03626943005181347	CD74,HLA-DPA1,HLA-DPB1,HLA-DRA,HLA-DRB1,HLA-DRB5,RNASE1
author_7_major_clusters	3	SMC	2	0.010101010101010102	A2M,BCAM
author_7_major_clusters	4	T	58	0.4084507042253521	ACAP1,ALOX5AP,APBB1IP,ARHGDIB,ARL4C,BTG1,CCL4,CCL5,CD2,CD37,CD3D,CD3E,CD3G,CD44,CD48,CD52,CD53,CD69,CD7,CORO1A,CST7,CTSW,CXCR4,CYBA,FYB,GMFG,GPSM3,GZMA,GZMH,GZMK
author_7_major_clusters	4	MAC	11	0.0582010582010582	ALOX5AP,CYBA,FYB,HCST,ITGB2,KLF6,LAPTM5,LCP1,PTPRC,SRGN,STK17B
author_7_major_clusters	4	EC	4	0.02040816326530612	B2M,HLA-A,HLA-B,HLA-C
author_7_major_clusters	5	FB	73	0.5748031496062992	AEBP1,ALDH1A1,APOD,C1R,C1S,C3,CCDC80,CFD,CFH,COL14A1,COL1A1,COL1A2,COL3A1,COL6A1,COL6A2,COL6A3,COMP,CTSK,CXCL12,CXCL14,CYBRD1,DCN,DHRS3,DPT,EMP3,FBLN1,FBLN5,GPNMB,GPX3,GSN
author_7_major_clusters	5	MAC	2	0.010101010101010102	CST3,FTL
author_7_major_clusters	5	SWC	1	0.005025125628140704	TMEM176B
author_7_major_clusters	6	PC	61	0.43884892086330934	ACTA2,AGT,ANGPT2,BTG1,C12orf57,C2orf40,CALD1,CAMK2N1,CD44,CLSTN2,COX4I2,CPE,EDNRA,EFHD1,EPAS1,EPS8,FAM153B,FHL1,FXYD1,GUCY1A3,GUCY1B3,HES4,HGF,IGFBP5,IGFBP7,ISYNA1,LGI4,LHFP,LMOD1,LPP
author_7_major_clusters	6	SMC	30	0.17647058823529413	ACTA2,C1QTNF1,C2orf40,CALD1,CPE,EDNRA,EFHD1,FHL1,GUCY1A3,HES4,IGFBP5,IGFBP7,LGI4,LMOD1,LPP,MAP1B,MRGPRF,MYH11,MYL9,NDUFA4L2,NOTCH3,PDE5A,PPP1R14A,RCAN2,RGS5,RRAD,SYNPO2,TAGLN,TINAGL1,TPM2
author_7_major_clusters	6	FB	8	0.041666666666666664	APOE,COL14A1,CXCL12,FXYD1,MAP1B,PRRX1,RARRES2,S100A4
author_7_major_clusters	7	EC	57	0.3986013986013986	ABCG2,ACKR4,ADGRF5,ALDH1A2,APOLD1,ARHGAP29,CCL14,CD74,CD9,CD93,CLEC14A,CLEC3B,CLU,DNASE1L3,ECSCR.1,EFNA1,EFNB2,EGFL7,EMCN,ENG,ERG,FAM188B,FLT1,GIMAP4,GIMAP7,GNG11,GPM6A,HLA-DRB1,HYAL2,ICAM2
author_7_major_clusters	7	FB	32	0.19047619047619047	APOD,C3,CFD,CFH,CILP,COL1A1,COL1A2,COL3A1,COL6A3,CTSK,DPT,FBLN1,GAS1,GPNMB,GPX3,GSN,IGF1,IGFBP6,LRP1,LTBP4,LUM,MFAP4,MGST1,MMP2,PCOLCE,PODN,PRELP,PTN,RARRES1,SFRP2
author_7_major_clusters	7	MAC	5	0.02564102564102564	CD74,HLA-DPA1,HLA-DRA,HLA-DRB1,RNASE1
author_7_major_clusters	8	SMC	72	0.5625	A2M,AC013461.1,ACTA2,ACTB,ACTG2,ADIRF,AOC3,BCAM,C11orf96,CALD1,CARMN,CASQ2,CHCHD10,CNN1,CPE,CRIP1,CRYAB,CSRP1,CSRP2,DSTN,EFHD1,FHL1,FILIP1,FLNA,FRZB,GPRC5C,HES4,IGFBP7,ITGA8,KCNAB1
author_7_major_clusters	8	PC	37	0.22699386503067484	ACTA2,ACTG2,C11orf96,CALD1,CARMN,CHCHD10,CNN1,CPE,CSRP2,EFHD1,FHL1,FLNA,FXYD1,HES4,IGFBP7,LMOD1,LPP,MRVI1,MYH11,MYL9,MYLK,NOTCH3,NR2F2,PDE5A,PPP1R12A,PPP1R14A,RCAN2,RGS5,RRAD,SLC7A2
author_7_major_clusters	8	EC	3	0.015228426395939087	BCAM,SNCG,TSC22D1
author_7_major_clusters	9	FB	59	0.41843971631205673	ABCA8,AKAP12,ALDH1A1,APOC1,APOD,APOE,C1R,C1S,C3,CCDC80,CFD,CFH,CILP,COL1A2,COL3A1,COL6A1,COL6A2,CTSK,CXCL12,CYR61,DCN,DPT,FBLN1,FGF7,FXYD1,GAS1,GSN,HSD11B1,IGF1,ISLR
author_7_major_clusters	9	PC	6	0.030927835051546393	CPE,FILIP1L,FXYD1,HSPB6,IGFBP5,MDK
author_7_major_clusters	9	SMC	4	0.02040816326530612	CPE,FILIP1L,HSPB6,IGFBP5
